nome,risco,texto_desc,texto_impacto,texto_reco,impacto,prob,cwe
Insecure Direct Object Reference (IDOR),Alto,"A aplicação não faz a devida validação se um usuário tem permissão para visualizar informações de outros usuários. Dessa forma, um agente malicioso, ao alterar determinados parâmetros, inserindo valores que não os originais, é possível obter informações confidenciais e/ou sensíveis de outros usuários, o que por padrão, não deveriam ser obtidos.","Agentes maliciosos podem obter informações de outros usuários através de manipulações de parâmetros vulneráveis. Como consequência, vazamento de informações podem ocorrer. Em determinados casos é possível alterar valores e informações críticas de outros usuários que não o próprio, ocasionando em corrupção de dados da aplicação. Além de outras, dentre as quais:Exposição de informações confidenciais: Controle total de informações da conta de outros usuários.Alteração de dados: um agente malicioso pode ter privilégios para acessar seus dados e alterá-los.","Algumas das recomendações sugeridas são:Fazer a validação se um usuário tem a devida permissão para visualizar, editar/alterar e ou atualizar informações de outros usuários.Não permitir que a alteração de parâmetros impacte a aplicação ou retorne dados de outros usuários.Enviar informações confidenciais e/ou sensíveis em canais seguros de comunicação, o que inclui, entre vários aspectos a utilização de criptografia, tokens atuais e seguros para transmissão de informações, uso de captchas e sistemas de bloqueio etc.Não utilizar valores de objetos facilmente predizíeis, como valores puramente numéricos ou combinações frágeis. Utilizar, no lugar, um identificador de objeto que em cenários de ataques de dicionário/força bruta sejam de difícil adivinhação.",Alto,Alto,813
Cross-Site Scripting (XSS),Baixo,O Servidor da aplicação não retorna do cabeçalho 'X-XSS-Protection' nas respostas das requisições da aplicação.,As paginas da aplicação ficam sobre forte risco de sofrerem ataques XSS.,Configure seu servidor web para incluir um cabeçalho 'X-XSS-Protection' com um valor de '1; mode = block 'em todas as páginas.,Baixo,Baixo,693
Cross-Site Request Forgery (CSRF),Baixo,Ausencia de Tokens Anti-CSRF,"Cross-Site Request Forgery (CSRF) é um ataque que força um usuário final a executar ações indesejadas em um aplicativo da web no qual ele está autenticado no momento. Com um pouco de ajuda de engenharia social (como enviar um link por e-mail ou chat), um invasor pode enganar os usuários de um aplicativo da web para que executem ações de escolha do invasor. Se a vítima for um usuário normal, um ataque CSRF bem-sucedido pode forçar o usuário a realizar solicitações de alteração de estado, como transferência de fundos, alteração de endereço de e-mail e assim por diante. Se a vítima for uma conta administrativa, o CSRF pode comprometer todo o aplicativo da web.","Para evitar CSRF, tokens anti-falsificação (também conhecidos como tokens de verificação de solicitação) devem ser utilizados.Esses tokens são simplesmente valores gerados aleatoriamente, incluídos em qualquer formulário / solicitação que garanta proteção. Observe que esse valor deve ser exclusivo para cada sessão individual. Isso garante que todo formulário / solicitação esteja vinculado ao usuário autenticado e, portanto, protegido de CSRF.",Baixo,Baixo,352
Falta de Cabeçalhos de Segurança,Baixo,"Durante a análise, foi observada uma resposta válida do servidor contendo um número excessivo de cabeçalhos HTTP. Essa quantidade elevada de headers expõe uma ampla gama de informações, potencialmente sensíveis, que podem auxiliar um atacante em atividades de reconhecimento.","A exposição excessiva de cabeçalhos HTTP pode revelar informações sensíveis sobre a infraestrutura, tecnologias utilizadas, versões de software, tokens ou identificadores internos. Esses dados podem ser utilizados por atacantes para realizar reconhecimento, identificar vetores de ataque e facilitar a exploração de outras vulnerabilidades no ambiente.","Reduza a exposição de informações sensíveis nos cabeçalhos HTTP retornados pelo servidor. Avalie a necessidade de cada header presente na resposta e remova os desnecessários. Além disso, implemente controles para limitar a divulgação de informações técnicas que possam auxiliar um atacante em atividades de reconhecimento.",Baixo,Baixo,209
Clickjacking,Baixo,"O clickjacking, também conhecido como ""UI redress attack"", é quando um agente malicioso carrega o site alvo em algum frame (como o iframe) como primeira camada de abstração CSS e ao mesmo tempo usa várias camadas opacas como segunda camada de abstração CSS sobrepondo a primeira camada, com o objetivo de criar um layout chamativo ao clique do usuário.O usuário, ao clicar em um botão ou link dessa página maliciosa, acredita estar clicando em alguma funcionalidade da camada superior de abstração CSS, quando na verdade está executando a ação da primeira camada, o que normalmente pode ser uma troca de senha, execução de alguma ação confidencial etc. Assim, o atacante está ""seqüestrando"" os cliques do usuário, que acreditava estar clicando em algo legítimo.Usando uma técnica similar, os toques de tecla também podem ser seqüestrados. Com uma combinação cuidadosamente elaborada de stylesheets, iframes e caixas de texto, um usuário pode ser levado a acreditar que está digitando a senha no campo correto, mas digitando em um iframe invisível controlado pelo agente malicioso.",É possível roubar cliques dos usuários explorando a falha de clickjacking no site. Isto é possível pois o site permite enquadrar o seu conteúdo em um iframe não gerenciado pelo próprio.,"Algumas das recomendações sugeridas são:·        Incluir no cabeçalho de resposta as diretivas CSP (Content Security Policy), que instruem o navegador a não permitir o enquadramento (via iframe) de outros domínios.·        Incluir no cabeçalho de resposta o X-Frame-Options.Código defensivo na interface do usuário para garantir que o iframe atual seja a janela de nível superior.",Baixo,Baixo,1021
Cross-Origin Resource Sharing (CORS) Misconfiguration,Médio,"A aplicação aceita o acesso a recursos oriundos de qualquer fonte, incluindo origens não confiáveis. Um aspecto importante do desenvolvimento de aplicações seguras é evitar que origens não confiáveis acessam os recursos do domínio local.","É possível fazer com que domínios arbitrários e não confiáveis acessem recursos do domínio local, contornando a política do SOP. A vulnerabilidade se potencializa caso o domínio vulnerável a CORS também apresente outras vulnerabilidades, como Cross-site Scripting (XSS) e/ou Cross-site Request Forgery (CSRF).","Algumas das recomendações sugeridas são:Limitar quais são os domínios origem que podem acessar recursos via Javascript (como o uso do XHR) no domínio local.Bloquear toda e qualquer origem arbitrária de acessar recursos locais, controlando e permitindo o acesso somente a origens confiáveis que podem acessar os recursos locais.",Médio,Médio,942
Redirecionamento aberto (Open Redirect),Alto,"A aplicação redireciona o usuário para outros endereços, que não sejam o pretendido pela própria aplicação.","É possível sobrescrever valores prévios, redirecionando o usuário para outros endereços, normalmente maliciosos.",Algumas das recomendações sugeridas são:Limitar os dados que a aplicação recebe de usuários.Sanatizar as variáveis que a aplicação recebe dos usuários para que nenhum campo ou cabeçalho seja sobrescrito.Não permitir que a aplicação redirecione usuários para destinos arbitrários.,Alto,Alto,601
Ausência de Rate Limit,Médio,Este tipo de vulnerabilidade é frequentemente encontrada em formulários que não utilizam mecanismos de defesa contra automação de requisições enviadas para o servidor,"Sistemas que utilizam serviços de envio de email, sms ou qualquer outra ferramenta que realize a cobrança por taxa de envio esse tipo de ataque pode resultar em perda financeira para empresa e também sobrecarga dos seus serviços causando retardamento e uma possível negação de serviço causando risco de negócios.",Implementar soluções de segurança contra ferramentas automatizadas como por exemplo códigos que limitam requisições continuas em um período de tempo curto ou uso de recaptchas onde o usuário passa por um processo onde tem que selecionar figuras ou responder algum tipo de pergunta para que a requisição seja validada e enviada para o servidor dessa forma realizando o controle de requisições realizadas por ferramentas automatizadas.,Médio,Médio,799
Path Traversal,Alto,"Um ataque de passagem de caminho (também conhecido como passagem de diretório) visa acessar arquivos e diretórios armazenados fora da pasta raiz da web.Manipulando variáveis que fazem referência a arquivos com sequências ""ponto-ponto-barra (../)"" e suas variações ou usando caminhos de arquivo absolutos, pode ser possível acessar arquivos e diretórios arbitrários armazenados no sistema de arquivos, incluindo o código-fonte do aplicativo ou configuração e arquivos críticos do sistema.Deve-se observar que o acesso aos arquivos é limitado pelo controle de acesso operacional do sistema (como no caso de arquivos bloqueados ou em uso no sistema operacional Microsoft Windows).Este ataque também é conhecido como “ponto-ponto-barra”, “travessia de diretório”, “escalada de diretório” e “retrocesso”.",Um atacante pode conseguir fazer a leitura/download de um arquivo com informações sensíveis dentro do servidor.,"Todos, exceto os aplicativos da web mais simples, precisam incluir recursos locais, como imagens, temas, outros scripts e assim por diante. Sempre que um recurso ou arquivo é incluído pelo aplicativo, existe o risco de um invasor conseguir incluir um arquivo ou recurso remoto que você não autorizou.Prefira trabalhar sem intervenção do usuário ao usar chamadas do sistema de arquivosUse índices em vez de porções reais de nomes de arquivo ao modelar ou usar arquivos de idioma (ou seja, valor 5 do envio do usuário = Checoslovaco, ao invés de esperar que o usuário retorne “Checoslovaco”)Certifique-se de que o usuário não pode fornecer todas as partes do caminho - coloque-o entre o seu path codeValide a entrada do usuário aceitando apenas o bom conhecido - não higienize os dadosUse jaulas chroot e políticas de acesso ao código para restringir onde os arquivos podem ser obtidos ou salvosSe for forçado a usar a entrada do usuário para operações de arquivo, normalize a entrada antes de usar no arquivo APIs de io, como normalize ().",Alto,Alto,23
AWS Subdomain Takeover (S3 Takeover),Info,"O apontamento presente na URL, que direciona para um storage no bucket S3 da AWS, está inativo. Desta forma, é possível que um atacante cadastre este bucket com o mesmo nome, tomando para si um domínio válido da organização.",Um atacante pode utilizar este subdomínio para efetuar ataques de engenharia social dentro do ambiente da organização ou visando seus funcionários. Também é possível que páginas que possuam alguma dependência com o bucket S3 carregue funcionalidades maliciosas em uma página interna.,"O apontamento presente na URL, que direciona para um storage no bucket S3 da AWS, está inativo. Desta forma, é possível que um atacante cadastre este bucket com o mesmo nome, tomando para si um domínio válido da organização.",Info,Info,
Bibliotecas vulneráveis a Redirecionamento aberto (Open Redirect),Médio,"Foi encontrado uma biblioteca vulnerável a redirecionamento aberto através da metodologia SASTA aplicação redireciona o usuário para outros endereços, que não sejam o pretendido pela própria aplicação, podendo levar a outros tipos de ataques como SSRF","É possível sobrescrever valores prévios, redirecionando o usuário para outros endereços, normalmente maliciosos.Pode-se escalar o ataque para outras vulnerabilidades como SSRF e até conseguir acesso total ao sistema",Algumas das recomendações sugeridas são:Limitar os dados que a aplicação recebe de usuários.Sanatizar as variáveis que a aplicação recebe dos usuários para que nenhum campo ou cabeçalho seja sobrescrito.Não permitir que a aplicação redirecione usuários para destinos arbitrários.Atualizar ou desabilitar o módulo vulnerável,Médio,Médio,601
Falha de Autenticação / Autorização,Médio,APIs tendem a expor endpoints para manipulação de objetos internos criando uma ampla camada de ataque ao controle de nível de acesso. O controle de autorização deve ser verificado em toda função que tenha acesso à fontes de dados que utilizem dados enviados pelo usuário.,"O acesso não autorizado pode resultar no vazamento de dados à partes não autorizadas, perda ou manipulação de dados.",Implementar mecanismo apropriado de autorização de acesso baseado em políticas e hierarquias.Utilizar uma autorização para verificar se o usuário pode acessar e executar ações nos registros em todas as funções que utilizam input do usuário para acessar dados.Preferir utilizar valores randômicos como GUIs para IDs de registros.,Médio,Médio,284
Redirecionamento aberto (Open Redirect) - Logout NaPista,Alto,"A aplicação redireciona o usuário para outros endereços, que não sejam o pretendido pela própria aplicação.","É possível sobrescrever valores prévios, redirecionando o usuário para outros endereços, normalmente maliciosos.",Algumas das recomendações sugeridas são:Limitar os dados que a aplicação recebe de usuários.Sanatizar as variáveis que a aplicação recebe dos usuários para que nenhum campo ou cabeçalho seja sobrescrito.Não permitir que a aplicação redirecione usuários para destinos arbitrários.,Alto,Alto,601
Webflow Subdomain Takeover (Webflow),Médio,"O apontamento presente na URL, que direciona para um storage no bucket S3 da AWS, está inativo. Desta forma, é possível que um atacante cadastre este bucket com o mesmo nome, tomando para si um domínio válido da organização.",Um atacante pode utilizar este subdomínio para efetuar ataques de engenharia social dentro do ambiente da organização ou visando seus funcionários. Também é possível que páginas que possuam alguma dependência com o bucket S3 carregue funcionalidades maliciosas em uma página interna.,"O apontamento presente na URL, que direciona para um storage no bucket S3 da AWS, está inativo. Desta forma, é possível que um atacante cadastre este bucket com o mesmo nome, tomando para si um domínio válido da organização.",Médio,Médio,
WIx Subdomain Takeover (Wix),Médio,"O apontamento presente na URL, que direciona para um storage no bucket S3 da AWS, está inativo. Desta forma, é possível que um atacante cadastre este bucket com o mesmo nome, tomando para si um domínio válido da organização.",Um atacante pode utilizar este subdomínio para efetuar ataques de engenharia social dentro do ambiente da organização ou visando seus funcionários. Também é possível que páginas que possuam alguma dependência com o bucket S3 carregue funcionalidades maliciosas em uma página interna.,"O apontamento presente na URL, que direciona para um storage no bucket S3 da AWS, está inativo. Desta forma, é possível que um atacante cadastre este bucket com o mesmo nome, tomando para si um domínio válido da organização.",Médio,Médio,
SQL Injection (SQLi),Alto,"Durante os testes, foi possível injetar um payload que utiliza a função SLEEP do banco de dados por meio de um parâmetro da aplicação. A resposta da aplicação demonstrou atraso coerente com o tempo definido no payload, indicando que o comando foi interpretado com sucesso. Apesar disso, não foi validada a extração de dados ou interação com outras funções sensíveis.","A presença da vulnerabilidade permite que um atacante explore o banco de dados por meio de técnicas time-based blind, podendo, com paciência e automação, extrair dados sensíveis mesmo sem mensagens de erro visíveis. Dependendo da criticidade dos dados e permissões disponíveis, isso pode comprometer totalmente a aplicação e os dados armazenados, ou até mesmo causar indisponibilidade.","Utilizar consultas parametrizadas (prepared statements) em todas as interações com o banco de dados.Evitar a montagem dinâmica de comandos SQL utilizando concatenação de strings com entradas de usuário.Validar e sanitizar todas as entradas, inclusive parâmetros de URL, corpo de requisição e headers.",Alto,Médio,
Server-Side Request Forgery (SSRF),Alto,"A vulnerabilidade identificada caracteriza-se como um Server-Side Request Forgery (SSRF), onde a aplicação realiza requisições HTTP baseadas em URLs fornecidas pelo usuário por meio do corpo da requisição enviada ao endpoint /partner-validation/v1/pix-schedule e /partner-validation/v1/pix-authorization. O parâmetro url é controlado pelo client-side e, ao receber um destino válido que aceite requisições POST, a aplicação efetivamente realiza a chamada, enviando inclusive o corpo da requisição original. Essa execução ocorre no contexto do servidor da aplicação, permitindo ao atacante interagir com recursos externos arbitrários, desde que aceitem POST. O servidor da aplicação faz uma requisição externa (server-to-server) para qualquer URL fornecida pelo usuário, desde que o destino aceite o método POST (mesmo se não aceitar, ainda é possível realizar as requisições, mas com retornos variados, 4xx,5xx,3xx).Essa requisição é feita a partir da infraestrutura interna da aplicação, o que caracteriza o SSRF.Foi possível confirmar que a requisição é feita pelo servidor, porque o corpo completo da requisição e o ip de origem foi recebido por um webhook sob controle de uma equipe externa (fora da infraestrutura da empresa).","É possível acessar recursos internos por intermédio de requisições originadas do próprio servidor, ao invés de serem oriundas dos usuários. Assim, recursos internos protegidos apenas internamente são acessíveis a qualquer pessoa.","Acesso Não Autorizado a Recursos Internos:Um atacante pode explorar a vulnerabilidade para acessar recursos internos da rede que não deveriam ser acessíveis externamente, como bancos de dados, servidores de arquivos e outros serviços internos.Exfiltração de Dados Sensíveis:Através de requisições maliciosas, um atacante pode obter dados sensíveis armazenados em servidores internos, como informações de usuários, credenciais e outros dados confidenciais.Execução de Código Remoto:Em alguns casos, a SSRF pode ser usada como vetor para executar código remoto em servidores internos, comprometendo a segurança da aplicação e da infraestrutura.Escalonamento de Ataques:A vulnerabilidade pode ser utilizada como ponto de partida para outros tipos de ataques, como exploração de vulnerabilidades adicionais em serviços internos, escalonamento de privilégios e movimentação lateral dentro da rede.Interação com Serviços Externos:Um atacante pode interagir com serviços externos de forma maliciosa, como enviar spam, realizar ataques de negação de serviço (DoS) ou manipular serviços de terceiros.Impacto na Disponibilidade:Requisições maliciosas podem sobrecarregar servidores internos, afetando a disponibilidade da aplicação e dos serviços internos.",Médio,Alto,918
Validação de OTP sem proteção adequada (captcha/ratelimit),Médio,"Durante o teste de segurança, verificou-se que o captcha está aplicado apenas no login, não sendo exigido no fluxo de troca de senha. Ao solicitar a troca de senha, a aplicação envia um token via SMS (OTP) e permite múltiplas tentativas de validação do código sem qualquer desafio adicional (p. ex., captcha) ou mecanismo efetivo de limitação de tentativas (rate limiting / lockout). Esse comportamento habilita ataques de força bruta ao OTP, mesmo que, no teste, as tentativas tenham retornado HTTP 401 (token inválido/expirado), a ausência de controles adequados caracteriza falha de autenticação/recuperação, enquadrando-se nas categorias OWASP Top 10 A07: Identification and Authentication Failures e CWE‑307: Improper Restriction of Excessive Authentication Attempts.","A ausência de mecanismos de proteção no endpoint de verificação do OTP (código via SMS), como rate limiting, bloqueio após tentativas falhas e captcha consistente — expõe o fluxo de troca de senha a um risco direto de ataque de força bruta.","Aplicar rate limiting/lockout por verificação de OTPUniformizar o desafio (p.ex., captcha server‑side com detecção de automação/bot) em todo o fluxo sensível (solicitar/reenviar OTP e verificar OTP), não apenas no login.",Médio,Médio,
Quebra de Validação de Parâmetros no Lado do Cliente (Client-Side Parameter Tampering),Baixo,"O filtro de data no front-end permite que o usuário selecione apenas os últimos 30 dias. Entretanto, ao inspecionar a requisição enviada à API, é possível manipular manualmente o parâmetro de data, inserindo qualquer intervalo desejado, inclusive períodos superiores a 30 dias.Isso caracteriza uma quebra de validação, pois o controle imposto pelo front-end não é reforçado pelo back-end. Dessa forma, usuários mal-intencionados podem enviar requisições alteradas diretamente para a API utilizando ferramentas como Postman, Burp Suite ou até o próprio console do navegador.","Exposição indevida de dados: Usuários podem consultar informações além do permitido pelo negócio, ampliando o acesso a dados sensíveis, históricos ou restritos.Violação de regras internas: O sistema pode permitir consultas que deveriam estar limitadas por compliance, LGPD ou requisitos de auditoria.Carga indevida no servidor: Requisições com períodos extensos podem gerar consultas mais pesadas, causando lentidão ou degradação do serviço.Possível ponto de entrada para ataques: Manipulação de parâmetros pode ser usada para exploração de outras vulnerabilidades, como SQL Injection, excesso de requisições (DoS), etc.",Validar formato e consistência das datas;Definir e aplicar limites aceitáveis de datas conforme a necessidade da aplicação;Utilizar tipos nativos de data sempre que possível;Implementar tratamento de erros adequado e mensagens claras ao usuário;,Baixo,Baixo,20
Subdomain Takeover via Ghost.io,Alto,"Foi identificado que o recurso vinculado ao serviço Ghost não estava devidamente provisionado. Durante os testes, foi possível registrar o domínio na plataforma Ghost Pro e assumir o controle do subdomínio, confirmando a vulnerabilidade de Subdomain Takeover.","A exploração permite que um atacante assuma o controle de um subdomínio legítimo da organização, possibilitando:Criação de páginas de phishingDistribuição de malwareRoubo de credenciaisDanos à reputação da organizaçãoUso do domínio confiável em ataques direcionados",Remover imediatamente o registro CNAME caso o serviço não esteja em usoOu configurar corretamente o serviço no Ghost para garantir a posse do recursoImplementar monitoramento contínuo de subdomíniosRealizar auditoria periódica de apontamentos DNS para serviços externos,Alto,Alto,
